{
  "amount_log": 51.11580435839745,
  "cat_id_cat_mean_enc": 32.345769131924136,
  "hour_mean_enc": 4.7152345282902655,
  "population_city_log": 1.863118133705807,
  "one_city_cat_mean_enc": 1.6026609450622546
}